driverId,name,ssn,location,certified,wage-plan
10,Mr. Jonathan Hunt Jr.,194-98-6024,"24516 Daniel Ranch
Serranoshire, LA 43214",N,miles
11,Joseph Wolf,227-53-8254,"3241 John Glen
West Michele, PA 10991",Y,miles
12,Erica Clark,842-47-2638,"5438 Taylor Squares Apt. 855
Jimmyport, PR 24704",Y,miles
13,Christina Davis,318-20-9351,"1831 Macdonald Valley
Markfort, WA 81683",N,miles
14,Phillip Aguilar,810-82-6882,"0396 Simon Springs Apt. 935
Jenniferhaven, AR 30734",N,miles
15,Luis Henry,893-49-6279,"PSC 7225, Box 1222
APO AA 80167",N,hours
16,Benjamin Arnold,711-29-7028,"641 Evans Valley Apt. 167
Jenningshaven, IL 42591",Y,miles
17,Tamara Walker,007-43-1540,"87780 Robert Mountains Apt. 261
New Brandon, WA 86037",N,miles
18,John Young,432-47-9677,"36954 Rhodes Park Suite 528
East Margaretside, HI 16846",Y,hours
19,Cheryl Clark,836-32-2535,"8908 May Spring Apt. 433
Lake Toniland, MT 95243",N,hours
20,Cynthia Smith,362-17-0516,"18086 Robertson Circles Suite 142
South Mary, ME 95649",Y,miles
21,Dalton Cummings,753-02-8032,"499 Duncan Alley Apt. 085
East Rhonda, UT 96909",Y,miles
22,Maria Norton,076-05-2222,"4477 Trujillo Manors Apt. 331
Walkerville, DC 60232",Y,miles
23,Gregory Kemp,586-97-3167,"43748 April Crest
North Marcia, DC 45124",N,hours
24,Jason Gallagher,420-51-9499,"79330 Kevin Divide
South Christopherchester, OH 93757",Y,hours
25,Stephen Lewis,552-32-7364,"2513 Rogers Drives
Port Zacharyborough, WY 74822",Y,miles
26,Derek Gill,700-23-7853,"448 Watson Underpass
Port Travis, TN 53187",N,hours
27,Michelle Best,487-32-8520,"3290 Nicole Trafficway
Timothychester, ND 37462",N,hours
28,Isabel Wu,583-17-9809,"2457 Pham Islands
Joshuaborough, MT 73405",N,miles
29,James Brown,619-49-4226,"34100 Malone Bypass Suite 720
Stevensbury, TX 89351",N,hours
30,Tammy Sanchez,734-38-2967,"93303 Ethan Road Suite 360
Brownburgh, MT 43295",Y,miles
31,Renee Gonzalez,119-30-1533,"0710 James Vista Apt. 517
Christymouth, OR 82728",Y,hours
32,Jill Flores,549-72-7680,"2113 Greene Groves Apt. 823
Terrybury, MA 05437",N,hours
33,Tracy Stanton,146-70-6644,"41853 Courtney Road Apt. 748
Bethanyview, WV 12485",Y,miles
34,Cheryl Thompson,398-11-3593,"USNS Maxwell
FPO AE 19587",N,hours
35,Melissa Dawson,592-71-8787,"135 Michael Crossroad Suite 063
Jeremyview, LA 61864",N,miles
36,Kathryn Case,243-97-1776,"09832 Cummings Ramp
Catherineton, AZ 64406",Y,hours
37,Sarah Haynes,022-12-7733,"793 Tiffany Throughway
North Brian, KS 82934",Y,miles
38,Theresa Nguyen,493-21-2212,"USNS Taylor
FPO AA 14434",Y,miles
39,Christian Olson,511-22-4776,"5538 Jason Radial Apt. 220
Roberthaven, OK 81326",N,hours
40,Cynthia Friedman,287-35-8488,"18451 Clark Point Suite 754
Hessstad, PA 33344",N,miles
41,Jonathan Thompson,897-58-3625,"4055 Cuevas Stream Apt. 550
Lake Paul, MP 58538",Y,miles
42,John Edwards,871-52-5325,"1596 Steven Roads Suite 347
Port Mark, CA 51327",Y,hours
43,Sally Stevens,305-47-7553,"1383 Cox Crossing
Gregoryfort, DC 17717",N,hours
44,Rhonda Lopez,844-89-8898,"27128 Scott Pine Suite 728
Josephville, SC 39065",N,miles
45,Gabriel Medina,107-47-1478,"939 Karen Prairie Suite 886
Mollychester, NJ 68820",N,hours
46,Sandra Rodgers,417-10-3139,"PSC 2937, Box 6362
APO AA 02503",Y,miles
47,Derrick Hayden,574-64-4105,"PSC 8208, Box 3594
APO AA 07941",Y,hours
48,Kendra Stevens,571-53-8931,"62138 Stephenson Plains
Angelachester, MN 91220",N,miles
49,Regina Washington,468-93-6308,"1588 Morgan Corner Apt. 985
Lake Christinahaven, OH 07761",N,miles
50,Amber Hooper,329-81-6405,"110 Monica Village
Richardtown, IN 40116",Y,miles
51,Christopher Davidson,567-82-9777,"04777 Adam Roads
North Coreyborough, NV 34035",Y,hours
52,Jennifer Rogers,008-84-6174,"2908 Anthony Route Apt. 397
Jacquelineborough, PW 15490",N,miles
53,Thomas Anderson,160-05-5602,"81805 Kelley Rapids
New Tylerland, MN 74266",Y,hours
54,Mark Phillips II,662-66-7096,"3801 Rowe Mount Apt. 658
Calvinmouth, CA 46881",N,hours
55,Michael Medina,360-11-4688,"721 Hester Prairie
Gregoryville, MN 62358",N,miles
56,Katie Scott,223-95-4139,"55033 Maurice Trace
North Lisa, NJ 30736",N,hours
57,Bryan Harrison,199-15-1446,"5844 Samantha Inlet
New Stevenville, AZ 42954",Y,miles
58,Misty Perez,713-24-6865,"017 Allen Ramp
Glennberg, VA 99561",N,hours
59,Vanessa Deleon,875-41-6862,"16010 Carter Manor Apt. 218
North Mario, MT 73473",N,hours
60,Shawn Hill,408-40-8684,"8477 Lowe Fork
New Marc, TX 08478",Y,miles
61,Andrew Myers,134-24-9582,"14348 Smith Trail Suite 752
South Katherineport, SD 81928",Y,hours
62,John Hamilton,714-36-1591,"USS Taylor
FPO AE 11886",Y,miles
63,Melissa Black,123-58-4628,"89338 Lisa Circles Apt. 534
East Jordan, NJ 08483",Y,hours
64,Joshua Frederick,598-36-0098,"842 Gregory Motorway
North Stephanieside, RI 60047",N,hours
65,Kenneth Castillo,858-82-8585,"880 Cindy Meadow Apt. 139
South David, MN 39690",Y,hours
66,Kenneth Cruz,691-18-5430,"8683 Kane Via
Port Anthonyview, FL 85521",N,hours
67,Kayla Scott,014-24-1976,"7061 Tina Bypass Suite 613
Port Miguelmouth, OH 31294",Y,hours
68,Erika Jones,829-13-5086,"9181 Lopez Stravenue Apt. 277
Christopherbury, VI 25112",Y,miles
69,Teresa Novak,746-77-4429,"PSC 0802, Box 3985
APO AP 57541",Y,miles
70,Lisa Wilson,739-56-0179,"660 Kelly Street
Port Williamborough, GA 09126",N,miles
71,Alexandra Stewart,751-16-6368,"6588 Moore Brooks
South Adrienne, VI 78689",Y,hours
72,John Knight,601-23-1436,"280 Walker Junctions
Thomasmouth, TX 37131",N,miles
73,Reginald Mendoza,079-17-6586,"19229 Flores Camp Apt. 195
Amberborough, IA 29110",N,hours
74,Ashley Lee,275-66-4328,"USNS Glass
FPO AP 81517",N,miles
75,Jessica Price,426-44-4053,"69507 Jason Overpass
New Briannashire, VA 82859",N,hours
76,Mr. Trevor Doyle,161-06-3551,"PSC 5905, Box 9957
APO AP 99319",Y,miles
77,Anthony Young III,555-21-0016,"0564 Schmidt Lane Suite 499
Tammymouth, NM 15520",Y,hours
78,Valerie Mccoy,345-89-8912,"37233 Oliver Crossing
Port Coleshire, CT 49523",N,miles
79,Kenneth Wall,629-65-9626,"796 Patterson Orchard Suite 617
North Helen, PW 26749",Y,hours
80,Christina Miller,331-28-4539,"Unit 1791 Box 1624
DPO AP 93530",N,miles
81,Laura Mclaughlin,622-05-7688,"58679 Navarro Green
Aaronbury, VA 10544",N,miles
82,Brenda Cisneros,404-26-8054,"444 Andrea Crossroad
New Sarah, MD 19536",N,miles
83,Ashley Shaw,670-76-9256,"92515 Lewis Locks Apt. 749
East Chelseaville, AS 95683",Y,miles
84,William Blake,630-40-1543,"84078 Wendy Shore Suite 444
Lake Christinaport, AR 31399",Y,hours
85,Patrick Lewis,092-25-7551,"9891 Kathryn Island
Port Amanda, NV 84747",N,miles
86,Savannah Potts,705-39-1206,"94997 Donald Pines
Lake Lancetown, NM 57544",N,miles
87,Denise Cisneros,212-15-2337,"740 Mccarthy Gardens Suite 806
South Mauricehaven, NJ 14213",Y,hours
88,Alexis Walsh,797-20-8821,"494 Paul Gardens Apt. 775
West Brianfort, MS 56586",Y,miles
89,Ralph Martinez,044-28-8088,"PSC 0092, Box 7090
APO AP 96409",Y,hours
90,Christopher Lewis,663-96-0821,"USS Soto
FPO AP 79046",Y,miles
91,Mary Williams,163-50-7602,"6140 Powell Prairie Apt. 143
Port Heather, TX 90534",N,miles
92,Cynthia Wilson,294-65-4108,"7593 Guerrero Heights
Bassview, NM 98044",N,hours
93,Tara Morris,502-39-4916,"0540 Kenneth Points Apt. 134
Barryberg, DC 76596",N,miles
94,Brenda Navarro,192-32-7434,"5851 David Isle Suite 944
Smithburgh, GU 94401",Y,hours
95,Eric Fry,448-86-4681,"4883 Meyer Mountain Apt. 767
Hamptonland, UT 89032",Y,miles
96,Stephanie Lopez,753-12-2152,"68823 Wang Forge Apt. 849
South Garyton, VI 04137",N,miles
97,Marilyn Randall,623-71-5949,"8378 Williams Falls Apt. 826
North Jeremy, PA 32075",Y,hours
98,Derrick Young,507-75-2405,"6474 Joseph Passage
Port Michael, VA 83258",N,miles
99,Dustin Rodriguez,026-15-4261,"00297 Connor Avenue
East Michelle, OK 65699",Y,hours
100,Elizabeth Owens,548-63-4067,"9314 James Locks
East Heatherview, WA 40803",Y,miles
101,Rebecca Hill,820-54-3186,"330 Mark Track
Holmesstad, VT 08256",Y,hours
102,Ashley Todd,881-69-3841,"591 Ramirez Glens Suite 099
Laurenchester, AK 07136",Y,hours
103,Gina Sullivan,623-72-0517,"0854 Andrea Mews Apt. 537
Deanbury, MH 37276",Y,hours
104,Casey Richard,599-12-3193,"912 Steven Cliffs Suite 888
North Daniel, GU 32003",Y,hours
105,Nicholas Summers,659-45-0040,"8125 Williamson Crest Apt. 155
Lowemouth, AZ 59116",Y,hours
106,Nicole Lucero,615-49-3153,"6103 Joseph Street
Port Christinafurt, WA 61240",N,hours
107,Stephanie Banks,049-37-3299,"590 Mendoza Fords
Steeletown, NV 30362",Y,hours
108,Thomas Williams,159-60-6379,"3905 White Coves
Kelseyport, FM 32711",Y,hours
109,Kevin Franklin,597-69-1320,"871 Madison Fords
Paulmouth, MP 59338",Y,hours
